label,precision,recall,f1-score,support
falsa/sintetica (0),0.8675525075010716,0.8995555555555556,0.8832642373990836,2250.0
genuina (1),0.8956602031394275,0.8626056024899955,0.8788221970554927,2249.0
accuracy,0.8810846854856634,0.8810846854856634,0.8810846854856634,0.8810846854856634
macro avg,0.8816063553202496,0.8810805790227756,0.8810432172272882,4499.0
weighted avg,0.881603231548785,0.8810846854856634,0.8810437108970307,4499.0
