label,precision,recall,f1-score,support
falsa/sintetica (0),0.9630782918149466,0.9622222222222222,0.9626500666963095,2250.0
genuina (1),0.962239004886717,0.9630947087594487,0.9626666666666667,2249.0
accuracy,0.9626583685263392,0.9626583685263392,0.9626583685263392,0.9626583685263392
macro avg,0.9626586483508318,0.9626584654908354,0.9626583666814881,4499.0
weighted avg,0.9626587416256629,0.9626583685263392,0.962658364836637,4499.0
