label,precision,recall,f1-score,support
falsa/sintetica (0),0.886037407568508,0.9053333333333333,0.8955814464717521,2250.0
genuina (1),0.9031818181818182,0.8835037794575367,0.893234434704428,2249.0
accuracy,0.8944209824405424,0.8944209824405424,0.8944209824405424,0.8944209824405424
macro avg,0.894609612875163,0.894418556395435,0.89440794058809,4499.0
weighted avg,0.8946077075172377,0.8944209824405424,0.8944082014251391,4499.0
