label,precision,recall,f1-score,support
falsa/sintetica (0),0.8788135593220339,0.9217777777777778,0.8997830802603037,2250.0
genuina (1),0.9177185600748013,0.8728323699421965,0.8947128532360985,2249.0
accuracy,0.8973105134474327,0.8973105134474327,0.8973105134474327,0.8973105134474327
macro avg,0.8982660596984176,0.8973050738599871,0.8972479667482012,4499.0
weighted avg,0.8982617359597254,0.8973105134474327,0.897248530231978,4499.0
