label,precision,recall,f1-score,support
falsa/sintetica (0),0.9668633681343622,0.9466666666666667,0.956658432517404,2250.0
genuina (1),0.9477351916376306,0.9675411293908404,0.9575357535753576,2249.0
accuracy,0.957101578128473,0.957101578128473,0.957101578128473,0.957101578128473
macro avg,0.9572992798859965,0.9571038980287535,0.9570970930463808,4499.0
weighted avg,0.957301405711346,0.957101578128473,0.9570969955445962,4499.0
