label,precision,recall,f1-score,support
falsa/sintetica (0),0.8557651991614256,0.9071111111111111,0.8806903991370011,2250.0
genuina (1),0.9011352885525071,0.8470431302801245,0.8732523493009398,2249.0
accuracy,0.8770837963991999,0.8770837963991999,0.8770837963991999,0.8770837963991999
macro avg,0.8784502438569664,0.8770771206956178,0.8769713742189704,4499.0
weighted avg,0.8784452016154248,0.8770837963991999,0.8769722008526486,4499.0
