label,precision,recall,f1-score,support
falsa/sintetica (0),0.8572030328559394,0.9044444444444445,0.8801903114186851,2250.0
genuina (1),0.8988235294117647,0.8492663405958204,0.8733424782807498,2249.0
accuracy,0.8768615247832852,0.8768615247832852,0.8768615247832852,0.8768615247832852
macro avg,0.878013281133852,0.8768553925201324,0.8767663948497175,4499.0
weighted avg,0.8780086556063398,0.8768615247832852,0.876767155889186,4499.0
