label,precision,recall,f1-score,support
falsa/sintetica (0),0.9657194406856112,0.9515555555555556,0.958585180210432,2250.0
genuina (1),0.9522348816827344,0.9662072032014228,0.9591701611123372,2249.0
accuracy,0.9588797510557902,0.9588797510557902,0.9588797510557902,0.9588797510557902
macro avg,0.9589771611841729,0.9588813793784892,0.9588776706613846,4499.0
weighted avg,0.9589786598015325,0.9588797510557902,0.9588776056490596,4499.0
