label,precision,recall,f1-score,support
falsa/sintetica (0),0.9735401459854015,0.9484444444444444,0.9608284556506078,2250.0
genuina (1),0.9497182488079757,0.974210760337928,0.9618086040386303,2249.0
accuracy,0.9613247388308513,0.9613247388308513,0.9613247388308513,0.9613247388308513
macro avg,0.9616291973966886,0.9613276023911862,0.9613185298446191,4499.0
weighted avg,0.9616318448624787,0.9613247388308513,0.961318420915036,4499.0
