label,precision,recall,f1-score,support
falsa/sintetica (0),0.8812765957446809,0.9204444444444444,0.9004347826086957,2250.0
genuina (1),0.9167054443927408,0.8759448643841707,0.8958617553433379,2249.0
accuracy,0.8981995999110913,0.8981995999110913,0.8981995999110913,0.8981995999110913
macro avg,0.8989910200687108,0.8981946544143076,0.8981482689760167,4499.0
weighted avg,0.8989870826549914,0.8981995999110913,0.8981487772030967,4499.0
