epoch,train_loss,val_loss,train_accuracy,val_accuracy
1,0.30960003813014103,0.18277012722764666,0.8700871800639199,0.9333036906616378
2,0.16285732352292348,0.14906456560333764,0.9375923013972223,0.9430858160506995
3,0.11925439881503817,0.14244082588627902,0.9567910057145288,0.945531347397965
4,0.08871608334790246,0.12927327355102414,0.9672716879343772,0.9528679414397613
5,0.07072946816316515,0.12745793058428037,0.9743699681497076,0.9593152513552793
6,0.05900763466526172,0.1317864547124594,0.9792768330646955,0.9557581147441551
7,0.049239913492452124,0.13479218839697968,0.9819922824521783,0.9548688307238876
8,0.04135704121045861,0.13883154737573034,0.985517602804861,0.9564250779448747
