epoch,train_loss,val_loss,train_accuracy,val_accuracy
1,0.35778039091851327,0.21476815694594395,0.8456004956577171,0.9235215652725759
2,0.20742262225060537,0.16439441357945908,0.9191558288702156,0.9381947533561686
3,0.15996553003291075,0.16248282608640305,0.9398789959531759,0.9421965319244212
4,0.1277659142878027,0.13829600159037425,0.9522176172670723,0.9517563362819134
5,0.1101133991406415,0.14161492871570291,0.9586489449761093,0.9506447311240654
6,0.0853499485362843,0.1497710844631882,0.9695107428838218,0.9486438418399392
7,0.07723214534446253,0.15580386473317315,0.9727502264720262,0.9441974212085474
