model,accuracy,precision_fake_label_0,recall_fake_label_0,f1_fake_label_0,f1_macro,auc_roc_fake_label_0
tfidf_logistic_regression,0.8768615247832852,0.8572030328559394,0.9044444444444445,0.8801903114186851,0.8767663948497175,0.9477700706486833
tfidf_linear_svm,0.8981995999110913,0.8812765957446809,0.9204444444444444,0.9004347826086957,0.8981482689760167,0.9612516180030632
cnn1d_pytorch,0.957101578128473,0.9668633681343622,0.9466666666666667,0.956658432517404,0.9570970930463808,0.9889209031174349
