model,accuracy,precision_fake_label_0,recall_fake_label_0,f1_fake_label_0,f1_macro,auc_roc_fake_label_0
tfidf_logistic_regression,0.8850855745721271,0.866384778012685,0.9106666666666666,0.8879739978331528,0.8850091298771057,0.9497699718393361
tfidf_linear_svm,0.8975327850633474,0.8824283882000855,0.9173333333333333,0.8995423839616474,0.8974917635390002,0.9623788350377944
cnn1d_pytorch,0.949544343187375,0.9505567928730512,0.9484444444444444,0.9494994438264739,0.9495443033034212,0.9878067289165555
