model,accuracy,precision_fake_label_0,recall_fake_label_0,f1_fake_label_0,f1_macro,auc_roc_fake_label_0
tfidf_logistic_regression,0.8810846854856634,0.8675525075010716,0.8995555555555556,0.8832642373990836,0.8810432172272882,0.9499811274146535
tfidf_linear_svm,0.8944209824405424,0.886037407568508,0.9053333333333333,0.8955814464717521,0.89440794058809,0.9591950990563707
cnn1d_pytorch,0.9588797510557902,0.9657194406856112,0.9515555555555556,0.958585180210432,0.9588776706613846,0.9907503581838843
