model,accuracy,precision_fake_label_0,recall_fake_label_0,f1_fake_label_0,f1_macro,auc_roc_fake_label_0
tfidf_logistic_regression,0.8770837963991999,0.8557651991614256,0.9071111111111111,0.8806903991370011,0.8769713742189704,0.9471977669087495
tfidf_linear_svm,0.8973105134474327,0.8788135593220339,0.9217777777777778,0.8997830802603037,0.8972479667482012,0.9609597351909489
cnn1d_pytorch,0.9613247388308513,0.9735401459854015,0.9484444444444444,0.9608284556506078,0.9613185298446191,0.9913522059186799
