metric,count,mean,std,min,25%,50%,75%,max
char_len,29988.0,82.95108043217287,41.40995026429662,1.0,52.0,92.0,104.0,272.0
token_len,29988.0,13.98045885020675,7.382775265676014,1.0,9.0,15.0,18.0,45.0
